{
  "hash": "971f07f0",
  "configHash": "13deeb69",
  "lockfileHash": "cb6cdee4",
  "browserHash": "058623ac",
  "optimized": {
    "@angular/common/http": {
      "src": "../../../../../../node_modules/@angular/common/fesm2022/http.mjs",
      "file": "@angular_common_http.js",
      "fileHash": "2acb514a",
      "needsInterop": false
    },
    "@angular/core": {
      "src": "../../../../../../node_modules/@angular/core/fesm2022/core.mjs",
      "file": "@angular_core.js",
      "fileHash": "48188f71",
      "needsInterop": false
    },
    "@angular/forms": {
      "src": "../../../../../../node_modules/@angular/forms/fesm2022/forms.mjs",
      "file": "@angular_forms.js",
      "fileHash": "3c632ffe",
      "needsInterop": false
    },
    "@angular/platform-browser": {
      "src": "../../../../../../node_modules/@angular/platform-browser/fesm2022/platform-browser.mjs",
      "file": "@angular_platform-browser.js",
      "fileHash": "6d947d30",
      "needsInterop": false
    },
    "@angular/router": {
      "src": "../../../../../../node_modules/@angular/router/fesm2022/router.mjs",
      "file": "@angular_router.js",
      "fileHash": "87c2bea1",
      "needsInterop": false
    }
  },
  "chunks": {
    "chunk-PYSYESPK": {
      "file": "chunk-PYSYESPK.js"
    },
    "chunk-Y2IQE633": {
      "file": "chunk-Y2IQE633.js"
    },
    "chunk-4VV52Y6D": {
      "file": "chunk-4VV52Y6D.js"
    },
    "chunk-KCPRO6DA": {
      "file": "chunk-KCPRO6DA.js"
    }
  }
}